{"stats":{"minecraft:used":{"minecraft:torch":3},"minecraft:custom":{"minecraft:time_since_rest":45569,"minecraft:crouch_one_cm":419,"lootr:looted_stat":3,"minecraft:play_time":48181,"minecraft:sprint_one_cm":12986,"minecraft:walk_one_cm":57979,"minecraft:damage_taken":552,"minecraft:deaths":2,"minecraft:sneak_time":275,"minecraft:mob_kills":18,"minecraft:drop":7,"minecraft:jump":77,"minecraft:damage_dealt":120,"minecraft:interact_with_blast_furnace":2,"minecraft:leave_game":1,"minecraft:time_since_death":45472,"minecraft:climb_one_cm":533,"minecraft:total_world_time":48181,"minecraft:fall_one_cm":896,"minecraft:fly_one_cm":177905},"minecraft:dropped":{"ftbquests:book":3,"minecraft:spruce_sapling":2,"minecraft:bone":2},"minecraft:killed":{"alexsmobs:moose":3,"undead_revamp2:thesmoker":1,"minecraft:husk":4,"minecraft:zombie":4,"minecraft:zombie_villager":1},"minecraft:killed_by":{"minecraft:stray":1,"minecraft:zombie_villager":1},"minecraft:picked_up":{"tac:round45":1,"minecraft:bone":4,"minecraft:rotten_flesh":2,"ftbquests:book":2,"minecraft:spruce_sapling":2,"tac:9mm_round":1,"minecraft:string":2}},"DataVersion":2975}