{"stats":{"minecraft:mined":{"minecraft:grass":1,"minecraft:ice":2},"minecraft:custom":{"minecraft:jump":47,"minecraft:time_since_rest":2356,"minecraft:damage_dealt":33,"minecraft:crouch_one_cm":281,"minecraft:leave_game":2,"minecraft:play_time":2356,"minecraft:sprint_one_cm":12286,"minecraft:damage_taken":50,"minecraft:time_since_death":2356,"minecraft:walk_one_cm":3710,"minecraft:sneak_time":39,"minecraft:total_world_time":2356,"minecraft:fall_one_cm":2140,"minecraft:fly_one_cm":15169}},"DataVersion":2975}